model,stage,stage_epoch,epoch,head_learning_rate,backbone_learning_rate,train_loss,train_balanced_accuracy,train_macro_f1,train_melanoma_recall,validation_loss,validation_balanced_accuracy,validation_macro_f1,validation_melanoma_recall,validation_selection_score,epoch_duration_seconds
compact_cnn,all,1,1,0.001,0.001,0.4545295339557823,0.2589107487553743,0.2501998546368645,0.27044025157232704,0.39865030996449347,0.2992735746945359,0.29559060309866936,0.2578616352201258,0.28427191273510627,241.06444079987705
compact_cnn,all,2,2,0.001,0.001,0.41238677153415376,0.33052928653260405,0.3128208137313994,0.2968553459119497,0.4468637651080018,0.2807964043258233,0.28672265093134996,0.32075471698113206,0.2969322707462846,242.86966650001705
compact_cnn,all,3,3,0.001,0.001,0.39130640125721233,0.35143104530591146,0.33328329748824675,0.32955974842767294,0.349657087517785,0.3903676584220391,0.3607139698732746,0.23270440251572327,0.3223110996660092,241.0689431000501
compact_cnn,all,4,4,0.001,0.001,0.37663364274594446,0.392633510088038,0.3672330370965552,0.29559748427672955,0.3484706270111191,0.3563841756821936,0.36140339313574266,0.11949685534591195,0.28883143179879345,240.45106399990618
compact_cnn,all,5,5,0.001,0.001,0.37042038233079555,0.40591400279744716,0.3776101232417463,0.3371069182389937,0.35377274755831367,0.3656992085330152,0.3864446604028921,0.4088050314465409,0.3931527717159867,243.76859890017658
compact_cnn,all,6,6,0.001,0.001,0.35771985189988686,0.4191658083514501,0.393303134134217,0.3672955974842767,0.3605757965491368,0.4127688534159521,0.4254891315929318,0.5408805031446541,0.46010654305844845,242.6534088999033
compact_cnn,all,7,7,0.001,0.001,0.3569870208324185,0.4333531141681118,0.40252498472509046,0.33962264150943394,0.3572910734406718,0.4262197689541745,0.3896466639947493,0.49056603773584906,0.4199224761170792,243.12056660000235
compact_cnn,all,8,8,0.0005,0.0005,0.3506876515015764,0.4346571613905987,0.40598446774087665,0.38113207547169814,0.31971157755885093,0.4341603649876963,0.42236351804106037,0.4276729559748428,0.4239563494211951,243.57261050026864
compact_cnn,all,9,9,0.0005,0.0005,0.3307939592872814,0.47245032664445546,0.4460626191781206,0.3786163522012579,0.3116395391784348,0.4668625444982223,0.45455010630961656,0.3584905660377358,0.4257322442280523,242.29498010035604
compact_cnn,all,10,10,0.00025,0.00025,0.3305728729540388,0.4525736759838762,0.42793530006310876,0.4037735849056604,0.31923615061319793,0.46147790659788274,0.40892527043482935,0.5094339622641509,0.43907787798362585,244.23655949998647
resnet18_staged,head,1,1,0.0003,0.0003,0.5358152610398486,0.2102921114725587,0.21213843139714617,0.17735849056603772,0.4236379074883628,0.2747897670018791,0.26092315320414305,0.4779874213836478,0.32604243365799446,167.3430903996341
resnet18_staged,head,2,2,0.0003,0.0003,0.43054819468649397,0.2991979362043959,0.3031120116886433,0.3283018867924528,0.36711238568479365,0.3319386319105483,0.3144735922108869,0.46540880503144655,0.35975415605705474,166.1670157997869
resnet18_staged,head,3,3,0.0003,0.0003,0.38867059660784387,0.34410944423233714,0.34026167884408537,0.3522012578616352,0.3392216127652388,0.440581975130767,0.39818859336659046,0.5283018867924528,0.4372225813943491,164.99818000011146
resnet18_staged,head,4,4,0.0003,0.0003,0.3717913193170472,0.3804678520561899,0.3771979826364726,0.39245283018867927,0.3265988466831354,0.44691080306567244,0.41609692940101933,0.5157232704402516,0.445984831712789,171.01190170040354
resnet18_staged,head,5,5,0.0003,0.0003,0.3479202522940232,0.4217850542485494,0.42334653145172435,0.39245283018867927,0.31014265872381785,0.5030924410569761,0.4489832283703436,0.4088050314465409,0.4369297692932028,166.21316319983453
resnet18_staged,layer4,1,6,0.0001,2e-05,0.31277464040671443,0.4768267638053071,0.4639790426628518,0.43522012578616354,0.25082470737137164,0.582747221543869,0.5319586839029518,0.44654088050314467,0.5063333428830096,196.08441639970988
resnet18_staged,layer4,2,7,0.0001,2e-05,0.25491894131304,0.57242083559873,0.5514305941412753,0.4729559748427673,0.23048673101238437,0.6190501154114872,0.5512185029456044,0.46540880503144655,0.525475593571357,197.1830513998866
resnet18_staged,layer4,3,8,0.0001,2e-05,0.2213251616598542,0.6183969605563028,0.5843617426927636,0.4930817610062893,0.21993600878265354,0.6146419378980787,0.5830674846061886,0.4779874213836478,0.5515434656394264,188.58207579981536
resnet18_staged,layer4,4,9,0.0001,2e-05,0.19450815199872518,0.659431983253186,0.6274160670868401,0.5647798742138365,0.2127419331899056,0.6240555530855716,0.6033389345885781,0.46540880503144655,0.5619598957214387,181.35267880000174
resnet18_staged,layer4,5,10,0.0001,2e-05,0.18503740126189486,0.6882694796249479,0.6599553136547486,0.5522012578616352,0.2064306622618562,0.6339825564326074,0.6092701652798633,0.4339622641509434,0.5566777949411873,192.91429110011086
resnet18_staged,layer4,6,11,0.0001,2e-05,0.16983716661849435,0.6989304724581897,0.6796357913203629,0.5823899371069182,0.20478868063513217,0.628822819389864,0.6149957501699899,0.4716981132075472,0.572006459081257,195.13088309997693
resnet18_staged,layer4,7,12,0.0001,2e-05,0.15703240382728012,0.7336929959392918,0.7013129295138256,0.6,0.19883405480768296,0.6577945041728109,0.6281426596616407,0.5534591194968553,0.605737597612205,191.36210170015693
resnet18_staged,layer4,8,13,0.0001,2e-05,0.15133924727703826,0.7336149771025362,0.7046778913744955,0.6188679245283019,0.20036980743174787,0.6648104949507917,0.6287283300324559,0.5283018867924528,0.5986003970604549,190.89997470006347
resnet18_staged,layer3_layer4,1,14,5e-05,1e-05,0.1466942729731995,0.7645125200821405,0.734320408296571,0.6037735849056604,0.19742710846704203,0.6751452112972833,0.6504114001651728,0.559748427672956,0.6232125084175077,215.84958310006186
resnet18_staged,layer3_layer4,2,15,5e-05,1e-05,0.14231525943503887,0.757652299773482,0.7377842874860748,0.6289308176100629,0.19675006066168937,0.6792937870370549,0.6572082255215991,0.5408805031446541,0.6223099088085156,216.52822870016098
resnet18_staged,layer3_layer4,3,16,5e-05,1e-05,0.13358686174931791,0.7751125159851521,0.7501152315327533,0.6415094339622641,0.19310010110998488,0.6728043059147006,0.6509371085242064,0.559748427672956,0.6235805042688313,222.78864319995046
resnet18_staged,layer3_layer4,4,17,5e-05,1e-05,0.12224949821767309,0.7868457947303726,0.7578390258789477,0.6427672955974842,0.18912910329295204,0.6936321079660571,0.6756387944275887,0.5408805031446541,0.6352113070427082,227.5416315998882
resnet18_staged,layer3_layer4,5,18,5e-05,1e-05,0.11975347134056856,0.7884127834327807,0.7619982239589803,0.6540880503144654,0.19444155461721488,0.6706212862634363,0.6580561516557967,0.5283018867924528,0.6191298721967935,222.21954370010644
resnet18_staged,layer3_layer4,6,19,2.5e-05,5e-06,0.116031771990751,0.792857590268366,0.770597796148283,0.6628930817610063,0.1958598901550253,0.6764455580669452,0.6693003224388988,0.46540880503144655,0.608132867216663,219.05816139979288
