sample,L,h,Si,Zn,Mn,K,Ti,y,C_star
mel1,3.9207163870475417,4.280194216150033,12.25041053205216,4.76941262938214,6.350100067859349,9.444165076137011,8.256612535373131,-0.9519660816620212,3.2253188085997246
mel2,3.8581116494324696,4.317637354266026,12.136823312588366,4.845917871250658,6.765638566310301,9.498336395140281,8.404752112070488,-0.966801829625693,3.0155154290919697
mel3,3.6172312837426506,4.308520749171917,12.191960536479575,4.920491744243289,6.520989248306457,9.426659892464697,8.39343106657786,-0.9909156514683374,2.648570431234288
mel4,3.3732555194981386,4.250342032538673,12.054409868305095,4.924278248439725,6.87384683073095,9.091047697388145,8.396436990280437,-0.9888858658678882,2.5764494312446855
mel5,3.703868241392981,4.308965720893939,12.129253154375373,4.807294370078226,6.707571131802838,9.419878183563377,8.320082817148844,-0.9774504396360437,2.8312231237044374
mel6,3.8986359608677885,4.276438872919839,12.293245717779755,4.7201047240801906,6.533512637002681,9.479570244893623,8.339085145305452,-0.9538777769900364,3.2004215925667507
mel8,3.8886548064896997,4.286298730534894,12.301927676875936,4.8026266303663165,6.630907634902959,9.538251783362586,8.441199442302302,-0.9570762036238748,3.155000997677069
mel10,3.8867843908207984,4.304500833390759,12.260799438708752,4.7733082982655715,6.727755025876859,9.50868341380686,8.41184823119298,-0.9618106192326764,3.0919524691682985
mel12,3.858217312767393,4.309803480365267,12.279320783846993,4.852420812645534,6.868608963061313,9.612247156754261,8.494249997699937,-0.9626333275346167,3.059595398225208
mel13,3.821266291484919,4.320951910725116,12.294739900796339,4.790487251761845,6.870530971683866,9.5938209140903,8.518056818383089,-0.9693253546522487,2.96584306853546
mel15,3.751780024933615,4.325003884307699,12.19595968145294,4.866456947080341,6.7357681376872405,9.51876433635933,8.427933470613022,-0.9753829829018954,2.8627529250964723
mel17,3.7020724179851188,4.321156285692437,12.237172492761411,4.945207488773801,6.694227844261889,9.513309745907604,8.429685691377918,-0.986105443657919,2.7366942284304328
mel19,3.6349397521293976,4.317424244430056,12.238498692517338,4.870606649492553,6.6704113782667855,9.512054039540901,8.447718775433914,-0.9872720942779449,2.6853756119488117
mel20,3.8834759451190823,4.289816741236384,12.176227167200967,4.745975062579112,6.314435333680597,9.353596203605598,8.241977094808918,-0.9563080788559208,3.153085256246199
mel22,3.7955699241152883,4.300338315359349,12.243334229303668,4.865224091322398,6.436743141362745,9.453215959859811,8.369827110724456,-0.967244686475543,2.9912679457552827
mel24,3.723456887321894,4.310353402710215,12.270541633000336,4.851248708584797,6.543206560938828,9.4626208889986,8.407784492911842,-0.9770897124839509,2.845942786883783
mel26,3.647039423080731,4.312177614430081,12.300505622522769,4.866071842904903,6.591605142550831,9.511653123197599,8.46776552408484,-0.98590213300399,2.712300550887853
mel27,3.4459985435047944,4.269913343176505,12.093986787593186,4.884618453512769,6.862548686144057,9.151745750813474,8.440230070277947,-0.9929396190354052,2.5601458088727616
mel29,3.4874397776449966,4.286368760368329,12.145341268015553,4.888015580548345,6.79152478750509,9.310674275359718,8.429100502747067,-0.9905963266308603,2.591108475445301
mel31,3.5371939610487027,4.2956665038501525,12.205140711414442,4.92391478389169,6.725369720140095,9.389528691972965,8.441080750117397,-0.9925654508832042,2.5937237288913755
mel33,3.586083639574535,4.306886285571646,12.109699400872584,4.865301189352582,6.5248536892827245,9.38942084880692,8.359696921337882,-0.9882554631794772,2.6554639034267797
mel34,3.451579973118983,4.2739386743068755,12.018905367168257,4.868380246515384,6.833591920679246,9.097489652425347,8.320321492840858,-0.9890415377025554,2.597442525368695
mel36,3.5659225918318316,4.299558826841395,12.075284344330777,4.899480244730094,6.852242569051878,9.297907927603129,8.429954152149882,-0.9880810840926499,2.6522564594381706
mel38,3.6730215028230986,4.316129365923383,12.121221479059331,4.8491354529946,6.829025875214045,9.348356443379062,8.385258238089824,-0.9818516341319063,2.762644968458734
mel40,3.7961500141500513,4.3222611959664095,12.271954014643686,4.848743618813809,6.878604493490436,9.544223545578674,8.538169639319293,-0.9713811446207862,2.9301314150024615
mel41,3.458682017230454,4.2692899620727705,12.110314765523068,4.894176381402003,6.872470011792862,9.131577428388479,8.36558394607348,-0.9843017391190311,2.653486777595816
mel43,3.6094813894467745,4.2868296622863555,12.13257464115443,4.839055833834204,6.702598982682314,9.225185633776611,8.372176667878126,-0.9822493595525339,2.7513658831576016
mel45,3.7430866370891156,4.295579047679346,12.173478170292267,4.8151879700833735,6.54645537065048,9.315196660532887,8.29839269536945,-0.9693805680242518,2.94409304354814
mel47,3.8541932544565505,4.282046592716586,12.223022187037223,4.754624139156429,6.460764804045402,9.422034629553485,8.343375375113503,-0.957817852541597,3.1316921131752533
mel48,3.6448371262360055,4.311489352895503,12.237511233265439,4.808845454106903,6.798821720937529,9.43013271425683,8.492492628794265,-0.9843734783648221,2.7258372802445408
mel49,3.6641698347352003,4.303813002107555,12.09194099793522,4.753331536968612,6.587770376218372,9.285147242700534,8.328303712968145,-0.978023770726601,2.8058211180806265
mel50,3.727084588761131,4.3102270756217465,12.16827004637775,4.811615087679249,6.710632725856024,9.370730687582009,8.378294276525704,-0.9799457634036307,2.8228094792897362
mel51,3.7411146876874497,4.310682876883952,12.247324467661304,4.854293326261248,6.663605125885249,9.511536220641664,8.44704965817189,-0.9740118325220489,2.884409788959889
mel52,3.7262656326525305,4.304783826475142,12.243534601437776,4.840084192901217,6.68770693257523,9.425654956752012,8.389034767082407,-0.97196840519871,2.8992841481851337
mel53,3.7262072617071316,4.316210266637616,12.277417947880666,4.8218126509599415,6.728413278897174,9.48731886495427,8.467546960926573,-0.976346361534833,2.8474196403711454
mel54,3.675059561795283,4.310041429950437,12.28788302072774,4.899405737409714,6.684361696412718,9.449457267447016,8.447019623181124,-0.9797598516918701,2.790134438204919
mel55,3.6633079657503713,4.298239787522786,12.264780136707824,4.888015580548345,6.772840072185427,9.418984918889551,8.451779620867912,-0.9951638941492801,2.6479389453242117
mel56,3.766095978352218,4.298789854105391,12.255381722660031,4.802298250099019,6.563940149185663,9.444710271370365,8.366421463163581,-0.9687135902948107,2.961066110154495
mel57,3.7466399540109148,4.317678336376132,12.257569619173696,4.858726543710496,6.747011244014993,9.509033598547726,8.487063826434726,-0.9750135490492592,2.871043644200597
mel58,3.6627758646637254,4.31175538077923,12.25435506176982,4.7960384487505126,6.657022110308558,9.466634713214985,8.440769925653008,-0.9833016749294197,2.747451160189704
mel59,3.5862522833519628,4.298238826263299,12.09107753250345,4.902455994582567,6.690606224715595,9.25720773636942,8.29044816256036,-0.9909196219897748,2.6397668514165518
mel60,3.8094409106041662,4.291674588585007,12.228583856202233,4.792976673012616,6.519648637170119,9.41351955491483,8.338422921332413,-0.962443888381516,3.0514322049642146
mel61,3.772316142406092,4.321169859716679,12.26632637504515,4.845446136042602,6.8702610745545565,9.510521257812403,8.51038607548326,-0.9712276060440295,2.916829732185417
mel62,3.6287318327178353,4.311598005390521,12.255684852682052,4.804021044733257,6.61729602038306,9.480923080022023,8.452095580683869,-0.9838942653668283,2.719559169453907
mel63,3.514226950809809,4.285345845688777,12.12180586233126,4.889897898613436,6.83130610681873,9.2475687170663,8.396906273661754,-0.9911281207568208,2.6049674560209257
mel64,3.8736444757148143,4.28880830562337,12.299726909607962,4.718498871295094,6.4079355343926805,9.464889562767018,8.33563294475217,-0.9577478968224443,3.136295297151803
mel65,3.8010497184872087,4.321624183261712,12.269982218921571,4.860199926164623,6.882704102115278,9.577771955277358,8.51845839071396,-0.970174634253921,2.944391019069005
mel66,3.6162652458161877,4.311986545760404,12.288040115045233,4.862831099327861,6.604824195767617,9.510933733848173,8.47035312457042,-0.9874704168027701,2.677262184926673
mel67,3.4434347328124995,4.270729158703753,12.094078509316255,4.973971309724664,6.838898112572549,9.16991309121287,8.408130274767094,-0.9905599335631216,2.5811523214288115
mel68,3.8721308374435153,4.295454264851957,12.295061524306998,4.756602889748301,6.486922693742851,9.470560030727606,8.344621549353878,-0.9592398464861298,3.1145987918088345
mel69,3.790283003170303,4.322330728194385,12.272407988915354,4.806395273201279,6.76149174700336,9.567533581592055,8.48295779091579,-0.9708112439207289,2.9309793198273955
mel70,3.6766228483571,4.310393816279008,12.194225747329597,4.859347179882474,6.513170761970184,9.417239900643171,8.395140805038059,-0.9813698417701695,2.776143334612982
mel71,3.7346698654250408,4.321969680032069,12.205749093192761,4.844344554374829,6.813587446450643,9.50845112619962,8.47075964823297,-0.9777570277988873,2.8339286622727746
mel72,3.592493096638096,4.309863207013605,12.146316802466165,4.86830338551846,6.656199392981233,9.387713036512206,8.41094783996221,-0.9906551749906659,2.6331526943737185
mel73,3.5038254508860973,4.28673100862615,12.081431333065618,4.858571324462998,6.859772288959985,9.241277835078439,8.415162680688058,-0.9934167630203865,2.5732300736536744
mel74,3.7912292257019358,4.2956129060568795,12.234150740414968,4.836361268881602,6.461202516069148,9.414547352858678,8.31620488996709,-0.9686379683056595,2.9824626487196726
mel75,3.593798363941578,4.3056509855524085,12.250056516047895,4.934114156188513,6.585081405576444,9.435667936596126,8.46059955923357,-0.9878834246124064,2.6656163665988757
mel76,3.524002392288702,4.284505370247586,12.164093210600791,4.886280713056833,6.743470084674281,9.206315282159887,8.360272679142316,-0.9859906112680207,2.6621848176885634
mel77,3.8463745319880305,4.289840110635713,12.257150191645739,4.784320051616411,6.572366455257166,9.471146500102547,8.331017818202016,-0.9626740656599613,3.0762504177281427
mel78,3.74983751256949,4.31522820680296,12.220924311528604,4.884088972769716,6.813906031496319,9.479888004932473,8.473619497775477,-0.9742758985565412,2.8824189462890524
mel79,3.540670194997164,4.287274881570339,11.969479679954425,4.8059863254182105,6.698243392898874,9.11538992745936,8.248717490103886,-0.9858232623436817,2.6714035713518105
mel80,3.907848408109416,4.27556702704125,12.20594563746499,4.738739077909506,6.441137909880466,9.416009735074724,8.314109587229796,-0.9558339610301316,3.19213824189047
mel81,3.8445159746757835,4.319334243589078,12.245447673699358,4.735320870453137,6.901012598114744,9.57294251531166,8.494276600764817,-0.9659665534973921,3.0114171315217364
mel82,3.881993561458156,4.285829995755749,12.205519992845808,4.729950902885397,6.336241489714188,9.39530343691359,8.259497014454713,-0.9569776521840088,3.1519879216659246
mel83,3.641871899127236,4.312411852429804,12.270709911792284,4.882423062949333,6.556991401644059,9.50805099004406,8.479140276121528,-0.9877341597732818,2.6912741833191514
mel84,3.8626498548051305,4.28157406518147,12.241542583311785,4.691806492647638,6.465273427194696,9.42727106338329,8.287996355888929,-0.95542467539203,3.1573006633069682
mel85,3.4495912079350193,4.270076256125566,12.086607007592187,4.891100725401066,6.896148176440384,9.121912355663097,8.387797236071505,-0.9889108748563601,2.6018644583715003
mel86,3.81364620388219,4.32615044021861,12.247222746217712,4.758062932091234,6.886235378015213,9.566709069026123,8.499542327416048,-0.9714422121297053,2.9367340676870537
mel87,3.6242294510291506,4.315006534965653,12.267835442908405,4.907642343912507,6.618151360967658,9.49705122294503,8.500775149942017,-0.987459883133842,2.6791654847270627
mel88,3.7909522054177973,4.322664566025101,12.219621937889666,4.876646654092939,6.800593141377683,9.505297665710534,8.461714307552349,-0.9708455075353148,2.9307190130788645
mel89,3.4389584467139387,4.271540308354611,12.042287620754276,4.865069877427421,6.8787795067455635,9.132039313417607,8.374061578071412,-0.9908183597633364,2.574533933696634
mel90,3.592552798598172,4.308893850158553,12.254162088061056,4.876265454835473,6.576929073487742,9.462201206505558,8.43695446453219,-0.9916062501259799,2.625002135806655
mel91,3.4110768373964806,4.265391857844055,11.93398501195175,4.897317275399031,6.814839230955816,9.055934326212485,8.29961412957444,-0.989489078631757,2.576645227949222
mel92,3.881912675429125,4.297544966951758,12.2204024812476,4.784236450061373,6.629759476119777,9.491666035194855,8.378753774119128,-0.9598831672950748,3.1133006190549812
mel93,3.7360622566933923,4.303642955467923,12.256013575885568,4.886205215718078,6.462686184280809,9.433421521343432,8.38647384129152,-0.9724792091958241,2.902906775270359
mel94,3.700711498581557,4.30076629070081,12.196455044316359,4.759949239775645,6.6569064565757055,9.311495256351478,8.355304651416539,-0.9803032420464206,2.8129175087529608
mel95,3.712752415027973,4.324056678799229,12.304929256579328,4.898660358722849,6.745659789232861,9.553425693867641,8.509406957215804,-0.9806176060771855,2.791287414443385
mel96,3.5827297018130118,4.304215095872126,12.164058273743942,4.884013309772668,6.908145202951904,9.400708633695126,8.44558547563035,-0.9861164616984888,2.6768686317460477
mel97,3.5113431604636833,4.292085442464071,12.201999862999534,4.917276542350397,6.701702347460634,9.352773526095143,8.472482395299112,-0.9920877824102617,2.5855501759222976
