table_name,column_order,column_name,data_type,not_null,default_value,primary_key_position
person_address,0,AddressID,INTEGER,True,,1
person_address,1,AddressLine1,TEXT,True,,0
person_address,2,AddressLine2,TEXT,False,,0
person_address,3,City,TEXT,True,,0
person_address,4,StateProvinceID,INTEGER,True,,0
person_address,5,PostalCode,TEXT,True,,0
person_address,6,SpatialLocation,TEXT,False,,0
person_address,7,rowguid,TEXT,True,,0
person_address,8,ModifiedDate,TEXT,True,,0
person_addresstype,0,AddressTypeID,INTEGER,True,,1
person_addresstype,1,Name,TEXT,True,,0
person_addresstype,2,rowguid,TEXT,True,,0
person_addresstype,3,ModifiedDate,TEXT,True,,0
person_businessentityaddress,0,BusinessEntityID,INTEGER,True,,1
person_businessentityaddress,1,AddressID,INTEGER,True,,2
person_businessentityaddress,2,AddressTypeID,INTEGER,True,,3
person_businessentityaddress,3,rowguid,TEXT,True,,0
person_businessentityaddress,4,ModifiedDate,TEXT,True,,0
person_countryregion,0,CountryRegionCode,TEXT,True,,1
person_countryregion,1,Name,TEXT,True,,0
person_countryregion,2,ModifiedDate,TEXT,True,,0
person_emailaddress,0,BusinessEntityID,INTEGER,True,,1
person_emailaddress,1,EmailAddressID,INTEGER,True,,2
person_emailaddress,2,EmailAddress,TEXT,False,,0
person_emailaddress,3,rowguid,TEXT,True,,0
person_emailaddress,4,ModifiedDate,TEXT,True,,0
person_person,0,BusinessEntityID,INTEGER,True,,1
person_person,1,PersonType,TEXT,True,,0
person_person,2,NameStyle,TEXT,True,,0
person_person,3,Title,TEXT,False,,0
person_person,4,FirstName,TEXT,True,,0
person_person,5,MiddleName,TEXT,False,,0
person_person,6,LastName,TEXT,True,,0
person_person,7,Suffix,TEXT,False,,0
person_person,8,EmailPromotion,INTEGER,True,,0
person_person,9,AdditionalContactInfo,TEXT,False,,0
person_person,10,Demographics,TEXT,False,,0
person_person,11,rowguid,TEXT,True,,0
person_person,12,ModifiedDate,TEXT,True,,0
person_stateprovince,0,StateProvinceID,INTEGER,True,,1
person_stateprovince,1,StateProvinceCode,TEXT,True,,0
person_stateprovince,2,CountryRegionCode,TEXT,True,,0
person_stateprovince,3,IsOnlyStateProvinceFlag,TEXT,True,,0
person_stateprovince,4,Name,TEXT,True,,0
person_stateprovince,5,TerritoryID,INTEGER,True,,0
person_stateprovince,6,rowguid,TEXT,True,,0
person_stateprovince,7,ModifiedDate,TEXT,True,,0
production_product,0,ProductID,INTEGER,True,,1
production_product,1,Name,TEXT,True,,0
production_product,2,ProductNumber,TEXT,True,,0
production_product,3,MakeFlag,TEXT,True,,0
production_product,4,FinishedGoodsFlag,TEXT,True,,0
production_product,5,Color,TEXT,False,,0
production_product,6,SafetyStockLevel,INTEGER,True,,0
production_product,7,ReorderPoint,INTEGER,True,,0
production_product,8,StandardCost,REAL,True,,0
production_product,9,ListPrice,REAL,True,,0
production_product,10,Size,TEXT,False,,0
production_product,11,SizeUnitMeasureCode,TEXT,False,,0
production_product,12,WeightUnitMeasureCode,TEXT,False,,0
production_product,13,Weight,REAL,False,,0
production_product,14,DaysToManufacture,INTEGER,True,,0
production_product,15,ProductLine,TEXT,False,,0
production_product,16,Class,TEXT,False,,0
production_product,17,Style,TEXT,False,,0
production_product,18,ProductSubcategoryID,INTEGER,False,,0
production_product,19,ProductModelID,INTEGER,False,,0
production_product,20,SellStartDate,TEXT,True,,0
production_product,21,SellEndDate,TEXT,False,,0
production_product,22,DiscontinuedDate,TEXT,False,,0
production_product,23,rowguid,TEXT,True,,0
production_product,24,ModifiedDate,TEXT,True,,0
production_productcategory,0,ProductCategoryID,INTEGER,True,,1
production_productcategory,1,Name,TEXT,True,,0
production_productcategory,2,rowguid,TEXT,True,,0
production_productcategory,3,ModifiedDate,TEXT,True,,0
production_productsubcategory,0,ProductSubcategoryID,INTEGER,True,,1
production_productsubcategory,1,ProductCategoryID,INTEGER,True,,0
production_productsubcategory,2,Name,TEXT,True,,0
production_productsubcategory,3,rowguid,TEXT,True,,0
production_productsubcategory,4,ModifiedDate,TEXT,True,,0
purchasing_shipmethod,0,ShipMethodID,INTEGER,True,,1
purchasing_shipmethod,1,Name,TEXT,True,,0
purchasing_shipmethod,2,ShipBase,REAL,True,,0
purchasing_shipmethod,3,ShipRate,REAL,True,,0
purchasing_shipmethod,4,rowguid,TEXT,True,,0
purchasing_shipmethod,5,ModifiedDate,TEXT,True,,0
sales_customer,0,CustomerID,INTEGER,True,,1
sales_customer,1,PersonID,INTEGER,False,,0
sales_customer,2,StoreID,INTEGER,False,,0
sales_customer,3,TerritoryID,INTEGER,False,,0
sales_customer,4,AccountNumber,TEXT,False,,0
sales_customer,5,rowguid,TEXT,True,,0
sales_customer,6,ModifiedDate,TEXT,True,,0
sales_salesorderdetail,0,SalesOrderID,INTEGER,True,,1
sales_salesorderdetail,1,SalesOrderDetailID,INTEGER,True,,2
sales_salesorderdetail,2,CarrierTrackingNumber,TEXT,False,,0
sales_salesorderdetail,3,OrderQty,INTEGER,True,,0
sales_salesorderdetail,4,ProductID,INTEGER,True,,0
sales_salesorderdetail,5,SpecialOfferID,INTEGER,True,,0
sales_salesorderdetail,6,UnitPrice,REAL,True,,0
sales_salesorderdetail,7,UnitPriceDiscount,REAL,True,,0
sales_salesorderdetail,8,LineTotal,REAL,False,,0
sales_salesorderdetail,9,rowguid,TEXT,True,,0
sales_salesorderdetail,10,ModifiedDate,TEXT,True,,0
sales_salesorderheader,0,SalesOrderID,INTEGER,True,,1
sales_salesorderheader,1,RevisionNumber,INTEGER,True,,0
sales_salesorderheader,2,OrderDate,TEXT,True,,0
sales_salesorderheader,3,DueDate,TEXT,True,,0
sales_salesorderheader,4,ShipDate,TEXT,False,,0
sales_salesorderheader,5,Status,INTEGER,True,,0
sales_salesorderheader,6,OnlineOrderFlag,TEXT,True,,0
sales_salesorderheader,7,SalesOrderNumber,TEXT,False,,0
sales_salesorderheader,8,PurchaseOrderNumber,TEXT,False,,0
sales_salesorderheader,9,AccountNumber,TEXT,False,,0
sales_salesorderheader,10,CustomerID,INTEGER,True,,0
sales_salesorderheader,11,SalesPersonID,INTEGER,False,,0
sales_salesorderheader,12,TerritoryID,INTEGER,False,,0
sales_salesorderheader,13,BillToAddressID,INTEGER,True,,0
sales_salesorderheader,14,ShipToAddressID,INTEGER,True,,0
sales_salesorderheader,15,ShipMethodID,INTEGER,True,,0
sales_salesorderheader,16,CreditCardID,INTEGER,False,,0
sales_salesorderheader,17,CreditCardApprovalCode,TEXT,False,,0
sales_salesorderheader,18,CurrencyRateID,INTEGER,False,,0
sales_salesorderheader,19,SubTotal,REAL,True,,0
sales_salesorderheader,20,TaxAmt,REAL,True,,0
sales_salesorderheader,21,Freight,REAL,True,,0
sales_salesorderheader,22,TotalDue,REAL,False,,0
sales_salesorderheader,23,Comment,TEXT,False,,0
sales_salesorderheader,24,rowguid,TEXT,True,,0
sales_salesorderheader,25,ModifiedDate,TEXT,True,,0
sales_salesterritory,0,TerritoryID,INTEGER,True,,1
sales_salesterritory,1,Name,TEXT,True,,0
sales_salesterritory,2,CountryRegionCode,TEXT,True,,0
sales_salesterritory,3,Group,TEXT,True,,0
sales_salesterritory,4,SalesYTD,REAL,True,,0
sales_salesterritory,5,SalesLastYear,REAL,True,,0
sales_salesterritory,6,CostYTD,REAL,True,,0
sales_salesterritory,7,CostLastYear,REAL,True,,0
sales_salesterritory,8,rowguid,TEXT,True,,0
sales_salesterritory,9,ModifiedDate,TEXT,True,,0
sales_specialoffer,0,SpecialOfferID,INTEGER,True,,1
sales_specialoffer,1,Description,TEXT,True,,0
sales_specialoffer,2,DiscountPct,REAL,True,,0
sales_specialoffer,3,Type,TEXT,True,,0
sales_specialoffer,4,Category,TEXT,True,,0
sales_specialoffer,5,StartDate,TEXT,True,,0
sales_specialoffer,6,EndDate,TEXT,True,,0
sales_specialoffer,7,MinQty,INTEGER,True,,0
sales_specialoffer,8,MaxQty,INTEGER,False,,0
sales_specialoffer,9,rowguid,TEXT,True,,0
sales_specialoffer,10,ModifiedDate,TEXT,True,,0
sales_specialofferproduct,0,SpecialOfferID,INTEGER,True,,1
sales_specialofferproduct,1,ProductID,INTEGER,True,,2
sales_specialofferproduct,2,rowguid,TEXT,True,,0
sales_specialofferproduct,3,ModifiedDate,TEXT,True,,0
sales_store,0,BusinessEntityID,INTEGER,True,,1
sales_store,1,Name,TEXT,True,,0
sales_store,2,SalesPersonID,INTEGER,False,,0
sales_store,3,Demographics,TEXT,False,,0
sales_store,4,rowguid,TEXT,True,,0
sales_store,5,ModifiedDate,TEXT,True,,0
