Cluster,Segment,customers,total_constructed_clv,total_predicted_clv,avg_customer_profit,avg_constructed_clv,avg_predicted_clv,avg_residual,churn_rate,discount_rate
6,Declining Frequent Buyers,1395,107174804.6295,107219147.3127,760.6715,76827.8169,76859.6038,-31.7869,0.0,0.01
0,Active Minimal Buyers,1767,17843361.5112,17843434.9091,1420.5087,10098.1106,10098.1522,-0.0415,0.0,0.1637
4,Frequent Low-Spend Customers,928,9655763.3049,9662602.513,750.4946,10404.9174,10412.2872,-7.3698,0.0,0.0777
1,High Value but Cooling,454,5176010.33,5160706.7673,1258.9942,11400.9038,11367.1955,33.7083,0.0,0.1241
2,Inactive Minimal Buyers,686,1905665.1754,1904456.0727,259.2889,2777.9376,2776.175,1.7625,0.0,0.1029
8,Recent Low-Value Customers,609,1677969.2148,1673548.6434,281.5156,2755.2861,2748.0273,7.2587,0.0,0.1138
5,Champions,41,8909.5663,9945.8158,23.7967,217.3065,242.5809,-25.2744,0.0,0.123
7,Lost Customers,53,-3781824.2608,-3765479.8407,-9307.1967,-71355.1747,-71046.7894,-308.3853,0.0,0.15
3,Inactive Low-Value Customers,273,-4994269.2977,-5061219.4453,-5713.2015,-18294.0267,-18539.2654,245.2386,0.2381,0.1079
