sample,tracer,observed,predicted,residual
mel1,L,0.9952072311687958,0.9978607873890073,-0.0026535562202114615
mel1,h,0.9929192451367801,0.9928653007897544,5.3944347025658423e-05
mel1,Si,0.9983120707045661,0.9966253445150346,0.0016867261895314734
mel1,Zn,0.9729425625655043,0.9667543602000159,0.006188202365488338
mel1,Mn,0.9273824101929448,0.9238674861080092,0.003514924084935589
mel1,K,0.9880391001387666,0.9820196951883474,0.006019404950419194
mel1,Ti,0.9719870479238022,0.9580164756090037,0.01397057231479848
mel1,y,-0.9556200470552783,-0.9624540531455925,0.00683400609031426
mel1,C_star,1.0083763100734657,0.9933668208879057,0.015009489185559999
mel2,L,0.9793160823507445,0.9798911201610978,-0.0005750378103532849
mel2,h,1.0016053024874965,0.9982928128632317,0.0033124896242647806
mel2,Si,0.9890556060357466,0.9977154244543939,-0.00865981841864727
mel2,Zn,0.9885493493666061,0.986982303742038,0.0015670456245681086
mel2,Mn,0.9880685553092861,0.9823918980554016,0.005676657253884443
mel2,K,0.9937064493273742,0.9958414739782836,-0.002135024650909423
mel2,Ti,0.9894263729760391,0.9902899544533763,-0.0008635814773372275
mel2,y,-0.9705127395999458,-0.9739338662071094,0.0034211266071636492
mel2,C_star,0.9427825594324796,0.9376472441170167,0.005135315315462852
mel3,L,0.9181726947359073,0.9180113554325792,0.00016133930332817847
mel3,h,0.9994904328831927,0.9978526137012477,0.001637819181945055
mel3,Si,0.9935488559567772,0.9981095798311488,-0.004560723874371564
mel3,Zn,1.0037621440497293,0.9984494693067204,0.005312674743008894
mel3,Mn,0.9523394373807637,0.9546423091466001,-0.002302871765836434
mel3,K,0.9862077253392028,0.9860076812962766,0.00020004404292617295
mel3,Ti,0.9880936339694976,0.9916404649929489,-0.0035468310234513245
mel3,y,-0.9947191183857518,-0.9945395212356724,-0.00017959715007942467
mel3,C_star,0.8280594375032435,0.8283090009058162,-0.0002495634025726501
mel4,L,0.8562435927972398,0.8694864528252522,-0.013242860028012338
mel4,h,0.9859941370411626,0.9842732660746312,0.001720870966531396
mel4,Si,0.9823395587652439,0.9848832398497255,-0.0025436810844815527
mel4,Zn,1.0045345769219345,0.999421873525272,0.005112703396662477
mel4,Mn,1.0038715253394963,0.9871974227631162,0.016674102576380134
mel4,K,0.9510963133143436,0.9526283200261433,-0.0015320067117996494
mel4,Ti,0.9884474980867048,0.9851032561632689,0.0033442419234359644
mel4,y,-0.9926815417867758,-0.9981140830428449,0.005432541256069068
mel4,C_star,0.8055112454750893,0.7964599388218944,0.00905130665319498
mel5,L,0.940164014236832,0.9404372541738104,-0.00027323993697836446
mel5,h,0.9995936574015265,0.9932072480875163,0.006386409314010244
mel5,Si,0.9884386977042748,0.9934565977176908,-0.005017900013415955
mel5,Zn,0.9806702977671586,0.9902198528272445,-0.009549555060085813
mel5,Mn,0.9795882610160017,0.9767435771953196,0.002844683820682148
mel5,K,0.9854982297399365,0.9797454569814835,0.005752772758452984
mel5,Ti,0.9794589126322119,0.9859290779958805,-0.006470165363668623
mel5,y,-0.981202222550219,-0.9824846212900548,0.0012823987398357106
mel5,C_star,0.8851646909643721,0.8876163492087003,-0.0024516582443281365
mel6,L,0.9896024901898323,0.9931192436308656,-0.0035167534410333046
mel6,h,0.9920480807977219,0.9942974244717261,-0.0022493436740042005
mel6,Si,1.0018028013091318,0.9969129770942466,0.004889824214885152
mel6,Zn,0.9628839319820081,0.9720917812120622,-0.009207849230054133
mel6,Mn,0.9541683802743836,0.9393099568365209,0.0148584234378627
mel6,K,0.991743153466565,0.9856667615539423,0.0060763919126227695
mel6,Ti,0.9816959095567364,0.9665322767213576,0.015163632835378804
mel6,y,-0.9575390801117122,-0.9654831596546956,0.007944079542983373
mel6,C_star,1.000592346898262,0.9786644444836294,0.021927902414632605
mel8,L,0.9870689437580369,0.9878621882516722,-0.00079324449363527
mel8,h,0.9943353700855202,0.9958852519578798,-0.0015498818723596042
mel8,Si,1.0025103126648047,0.9972318817537642,0.005278430911040521
mel8,Zn,0.9797180961042713,0.978009499000539,0.001708597103732279
mel8,Mn,0.9683921573689618,0.956431368754729,0.011960788614232776
mel8,K,0.9978823573026069,0.9897103454231417,0.008172011879465146
mel8,Ti,0.9937170348867138,0.9759739354572845,0.01774309942942931
mel8,y,-0.9607497833806724,-0.9688415976403165,0.008091814259644114
mel8,C_star,0.98639187414063,0.9623635916589965,0.024028282481633467
mel10,L,0.9865941705239587,0.9842644983412763,0.0023296721826824296
mel10,h,0.9985578930166885,0.9969718889655463,0.0015860040511421758
mel10,Si,0.99915868485595,0.9974501256171378,0.0017085592388123017
mel10,Zn,0.9737372646307024,0.9820593162545923,-0.008322051623889881
mel10,Mn,0.982535960758276,0.9681484853659905,0.014387475392285465
mel10,K,0.9947889440667215,0.9924775905515902,0.0023113535151312314
mel10,Ti,0.9902617441222612,0.9824353778278719,0.007826366294389264
mel10,y,-0.9655023712659081,-0.9711399600474123,0.005637588781504221
mel10,C_star,0.9666801351448692,0.9512080284191384,0.015472106725730739
mel12,L,0.9793429031928061,0.9786496949590999,0.0006932082337062218
mel12,h,0.9997880008027532,0.998667769738432,0.001120231064321242
mel12,Si,1.0006680287566148,0.9977907320653671,0.0028772966912476994
mel12,Zn,0.9898759253952698,0.9883797407996736,0.001496184595596195
mel12,Mn,1.0031065757651856,0.9864350269014809,0.0166715488637047
mel12,K,1.005623679224761,0.9967963444446448,0.008827334780116214
mel12,Ti,0.9999622659073959,0.9925195511112002,0.007442714796195737
mel12,y,-0.9663282373984917,-0.9747269431777649,0.008398705779273152
mel12,C_star,0.9565638937006492,0.9337978858639822,0.022766007836667046
mel13,L,0.9699635143390557,0.9750815894879363,-0.00511807514888063
mel13,h,1.0023742131329305,0.9997454711381607,0.002628741994769812
mel13,Si,1.0019245654685773,0.9980071812709255,0.003917384197651863
mel13,Zn,0.9772417077006709,0.992396255691534,-0.015154547990863132
mel13,Mn,1.0033872700801958,0.9980557915944287,0.005331478485767094
mel13,K,1.0036959441551316,0.9995408340279012,0.004155110127230466
mel13,Ti,1.002764858527206,0.9989278599005376,0.0038369986266684197
mel13,y,-0.9730459507626923,-0.9770064057450577,0.003960454982365413
mel13,C_star,0.9272527979970951,0.9227340567899336,0.0045187412071615585
mel15,L,0.9523256063365196,0.9552654465228153,-0.0029398401862956725
mel15,h,1.003314189766643,0.9980021248649048,0.0053120649017383
mel15,Si,0.9938747548063678,0.9971508047346107,-0.00327604992824293
mel15,Zn,0.9927392449833851,0.9932105246250985,-0.00047127964171345127
mel15,Mn,0.9837062130164207,0.9832817999527947,0.0004244130636259502
mel15,K,0.9958436000968748,0.9924607370818876,0.0033828630149871364
mel15,Ti,0.9921553347821174,0.99443954285627,-0.0022842080741526383
mel15,y,-0.9791268302230868,-0.9820516429291988,0.002924812706112001
mel15,C_star,0.8950222916146634,0.8944328250778104,0.0005894665368529894
mel17,L,0.9397081749806923,0.9373476482283298,0.002360526752362424
mel17,h,1.0024216240278643,0.9988619167724255,0.0035597072554387488
mel17,Si,0.9972332746608059,0.9982129354237257,-0.0009796607629197762
mel17,Zn,1.0088040646567005,0.997306705022404,0.011497359634296433
mel17,Mn,0.9776395783137788,0.9723671947792563,0.005272383534522529
mel17,K,0.9952729463018487,0.9916055074251429,0.003667438876705842
mel17,Ti,0.992361610162158,0.9957736241506914,-0.0034120139885334133
mel17,y,-0.9898904473829863,-0.9889597362312021,-0.0009307111517841138
mel17,C_star,0.8556108067537426,0.8587350978944241,-0.0031242911406815788
mel19,L,0.9226676885206239,0.924953880342084,-0.0022861918214601706
mel19,h,1.0015558652781604,0.9974394655269985,0.004116399751161959
mel19,Si,0.9973413495062197,0.9971181259710168,0.00022322353520287663
mel19,Zn,0.993585768950288,0.9982459629893992,-0.00466019403911111
mel19,Mn,0.9741613698759921,0.9686596701431164,0.005501699732875731
mel19,K,0.9951415755582633,0.986808601800964,0.008332973757299356
mel19,Ti,0.9944845054853255,0.9941143416127923,0.0003701638725331913
mel19,y,-0.9910615759997325,-0.9918094012124299,0.0007478252126973395
mel19,C_star,0.8395663534154139,0.8423240097799255,-0.0027576563645116403
mel20,L,0.9857543778021096,0.9907509477743787,-0.004996569972269049
mel20,h,0.9951514780361657,0.9923561686404814,0.0027953093956842867
mel20,Si,0.9922667101525535,0.9960302405375142,-0.0037635303849606894
mel20,Zn,0.9681613854945256,0.9682868341489972,-0.00012544865447161602
mel20,Mn,0.9221738549279674,0.9258164352125542,-0.0036425802845867494
mel20,K,0.9785638753205741,0.9802154180861617,-0.0016515427655876547
mel20,Ti,0.9702641308548313,0.9589534167023598,0.011310714152471535
mel20,y,-0.9599787102920021,-0.9643933463530593,0.004414636061057187
mel20,C_star,0.9857929292332412,0.9826224167846831,0.0031705124485581493
mel22,L,0.9634409281337617,0.9703231380706966,-0.006882209936934891
mel22,h,0.9975922722871382,0.996236535763137,0.0013557365240012276
mel22,Si,0.9977354077077387,0.997906197681405,-0.00017078997366626325
mel22,Zn,0.9924877469618013,0.9813305379186268,0.01115720904317452
mel22,Mn,0.9400359528888775,0.9451743870831324,-0.0051384341942548595
mel22,K,0.9889859945372488,0.9877514361986186,0.0012345583386301762
mel22,Ti,0.985314923054945,0.9761683995792146,0.009146523475730306
mel22,y,-0.9709572962830509,-0.9751312441195754,0.004173947836524472
mel22,C_star,0.9352017312332879,0.9294561019426538,0.005745629290634047
mel24,L,0.945136259141274,0.9499991398259346,-0.004862880684660675
mel24,h,0.9999155717614655,0.9975323461419592,0.002383225619506324
mel24,Si,0.9999525970379942,0.9981119400606262,0.001840656977368016
mel24,Zn,0.9896368204955549,0.9899861257921787,-0.00034930529662380305
mel24,Mn,0.9555841019871222,0.9566793274636949,-0.0010952254765727032
mel24,K,0.9899699288128829,0.9890673268862812,0.0009026019266017427
mel24,Ti,0.9897833516872891,0.9859552955838093,0.0038280561034798044
mel24,y,-0.9808401108062217,-0.983332057550231,0.0024919467440093213
mel24,C_star,0.8897667041367558,0.887279697334338,0.002487006802417868
mel26,L,0.9257389843851528,0.931311062171954,-0.005572077786801244
mel26,h,1.0003387523071112,0.9993355559663383,0.0010031963407729494
mel26,Si,1.002394426423911,0.9990398243943102,0.003354602029600917
mel26,Zn,0.9926606851538168,0.9979905833325018,-0.005329898178685011
mel26,Mn,0.9626523359969195,0.96260005672772,5.2279269199484446e-05
mel26,K,0.9950996320915965,0.9913218809646063,0.003777751126990192
mel26,Ti,0.9968444539458114,0.994616140176866,0.0022283137689455
mel26,y,-0.9896863563545167,-0.9914492893999018,0.0017629330453851066
mel26,C_star,0.8479842718251884,0.8460395329325493,0.0019447388926391307
mel27,L,0.87470817333861,0.8755770608712986,-0.0008688875326886558
mel27,h,0.9905342887266935,0.985181218044785,0.0053530706819084894
mel27,Si,0.9855647662914102,0.9856466182753157,-8.185198390553428e-05
mel27,Zn,0.9964441252236813,0.9990533194374538,-0.002609194213772481
mel27,Mn,1.002221519757579,0.9879400592829108,0.014281460474668162
mel27,K,0.9574464829273325,0.9553761995274096,0.0020702833999228787
mel27,Ti,0.9936029182258851,0.98596736858333,0.007635549642555084
mel27,y,-0.9967508546197811,-0.996911816005736,0.00016096138595489418
mel27,C_star,0.8004140170943175,0.803677323804232,-0.003263306709914482
mel29,L,0.8852273264253104,0.8883404456926942,-0.0031131192673837793
mel29,h,0.9943516156028588,0.9882424240695532,0.00610919153330558
mel29,Si,0.9897497523827965,0.9884960086513952,0.0012537437314013022
mel29,Zn,0.9971371265930724,0.9987967983895615,-0.0016596717964890706
mel29,Mn,0.9918490352932029,0.9835112376629206,0.008337797630282306
mel29,K,0.9740734261365127,0.9633003307075975,0.010773095428915247
mel29,Ti,0.9922927204368206,0.9880482353296288,0.0042444851071917755
mel29,y,-0.9943985678723521,-0.9954910246397908,0.001092456767438632
mel29,C_star,0.8100943064924399,0.8141028033373365,-0.004008496844896681
mel31,L,0.8978565804228316,0.8983298600363742,-0.00047327961354259873
mel31,h,0.9965085056814944,0.9921288239751334,0.004379681706361049
mel31,Si,0.9946229365108165,0.992333899896863,0.00228903661395341
mel31,Zn,1.0044604314964394,0.999259661160495,0.005200770335944349
mel31,Mn,0.9821876055261429,0.9723447492495334,0.009842856276609524
mel31,K,0.9823230962983973,0.972288590686186,0.010034505612211309
mel31,Ti,0.9937030621750329,0.9900242832200231,0.003678778955009787
mel31,y,-0.996375250284605,-0.9957925288461035,-0.0005827214385015766
mel31,C_star,0.8109119495771568,0.8162166316374858,-0.005304682060328969
mel33,L,0.9102663945474043,0.9128424593898965,-0.002576064842492176
mel33,h,0.99911127009706,0.9947583149261253,0.0043529551709347025
mel33,Si,0.9868452206450088,0.9953842538958944,-0.008539033250885564
mel33,Zn,0.9925034746752296,0.9964938458225076,-0.00399037114727796
mel33,Mn,0.9529038087368559,0.9578670329846265,-0.004963224247770626
mel33,K,0.9823118138542769,0.9787934422342424,0.003518371620034544
mel33,Ti,0.9841223743148193,0.9877492921872668,-0.0036269178724475104
mel33,y,-0.9920487194012226,-0.9933366777107482,0.0012879583095255498
mel33,C_star,0.8302146396601666,0.8317321286865085,-0.0015174890263418561
mel34,L,0.8761249244024335,0.8794087750639017,-0.0032838506614681906
mel34,h,0.9914680848456435,0.985725387218044,0.005742697627599491
mel34,Si,0.9794462212761441,0.9861157247325241,-0.006669503456379955
mel34,Zn,0.9931315909652328,0.9987576081964475,-0.005626017231214697
mel34,Mn,0.9979926108173769,0.9882047374679872,0.009787873349389686
mel34,K,0.9517702642043142,0.957031792633049,-0.005261528428734841
mel34,Ti,0.9794870100729356,0.9863948390370713,-0.006907828964135665
mel34,y,-0.992837811142203,-0.9961289866655476,0.0032911755233445694
mel34,C_star,0.8120746086791703,0.808332747033215,0.0037418616459552467
mel36,L,0.9051488551692023,0.9022809081771377,0.0028679469920646072
mel36,h,0.9974114465788281,0.9891620702993906,0.008249376279437448
mel36,Si,0.984040664318527,0.9889935978805398,-0.004952933562012762
mel36,Zn,0.9994758757462127,0.9974374196766027,0.0020384560696099507
mel36,Mn,1.0007163920262774,0.9911960974450135,0.00952029458126391
mel36,K,0.9727378236086248,0.9674240860539922,0.005313737554632603
mel36,Ti,0.9923932139696646,0.9897560093801004,0.0026372045895641794
mel36,y,-0.9918736709889217,-0.9916405598130732,-0.00023311117584845498
mel36,C_star,0.8292118518038538,0.8353214462069047,-0.006109594403050922
mel38,L,0.9323340938212322,0.9287355149879075,0.003598578833324706
mel38,h,1.001255479425449,0.9930414601376668,0.008214019287782093
mel38,Si,0.9877841793601747,0.9922828237691284,-0.004498644408953645
mel38,Zn,0.9892057241595793,0.9956847606658403,-0.006479036506261027
mel38,Mn,0.9973257756174088,0.993940092147646,0.003385683469762757
mel38,K,0.9780156968487417,0.9791855610359741,-0.0011698641872324167
mel38,Ti,0.9871315101685756,0.9932330399782311,-0.006101529809655504
mel38,y,-0.9856203103080231,-0.9863555735015159,0.0007352631934928189
mel38,C_star,0.863724147798864,0.8669433138301327,-0.0032191660312687054
mel40,L,0.9635881741317718,0.9691179807526752,-0.00552980662090341
mel40,h,1.0026779410592357,0.9991257473683264,0.003552193690909311
mel40,Si,1.0000676950291438,0.9973707547831066,0.0026969402460372827
mel40,Zn,0.9891257914337734,0.9933929833692101,-0.004267191935436676
mel40,Mn,1.0045663447454312,0.9993456369647956,0.005220707780635547
mel40,K,0.9985071170901222,0.9975787471759109,0.0009283699142113022
mel40,Ti,1.0051325851661208,0.9992386002965417,0.00589398486957915
mel40,y,-0.9751096315432508,-0.9784471300919477,0.0033374985486969155
mel40,C_star,0.9160877667077197,0.9145235357557829,0.001564230951936807
mel41,L,0.8779276576169974,0.8893534639477878,-0.011425806330790378
mel41,h,0.9903896768087069,0.987234923064114,0.003154753744592953
mel41,Si,0.9868953680222624,0.9873733110474194,-0.0004779430251570238
mel41,Zn,0.9983939072148805,0.9982196835129471,0.00017422370193342918
mel41,Mn,1.003670451710489,0.9896198357450743,0.014050615965414792
mel41,K,0.9553364932162832,0.9615916537692302,-0.006255160552946948
mel41,Ti,0.9848154081430743,0.9879219125159164,-0.0031065043728421005
mel41,y,-0.9880798196205804,-0.994192396994765,0.00611257737418458
mel41,C_star,0.8295965032934105,0.8200023941294229,0.009594109163987619
mel43,L,0.9162055157607768,0.9162202827076256,-1.476694684876545e-05
mel43,h,0.9944585356072835,0.9892612404994452,0.0051972951078382845
mel43,Si,0.9887093727429229,0.9899248195896692,-0.0012154468467462376
mel43,Zn,0.9871495190757112,0.9919215308177989,-0.004772011742087634
mel43,Mn,0.9788621175559059,0.9780745282949863,0.0007875892609195967
mel43,K,0.9651296899966942,0.968359970370693,-0.0032302803739987507
mel43,Ti,0.9855915182217813,0.9832330676033564,0.002358450618424879
mel43,y,-0.9860195623323301,-0.9869525349472945,0.0009329726149643891
mel43,C_star,0.8601978103755263,0.8602432197314565,-4.540935593011497e-05
mel45,L,0.9501189375566041,0.9532302958414642,-0.0031113582848600885
mel45,h,0.9964882176032638,0.9913444686433881,0.0051437489598756825
mel45,Si,0.9920426885339225,0.9931476569496542,-0.0011049684157317108
mel45,Zn,0.9822805630165025,0.9815736463021134,0.0007069167143890498
mel45,Mn,0.9560585652158041,0.9568668792001775,-0.0008083139843734211
mel45,K,0.9745465535480898,0.9757680378145361,-0.0012214842664463044
mel45,Ti,0.976905502580918,0.9737321875014546,0.00317331507946339
mel45,y,-0.9731013760621521,-0.9762864362683523,0.003185060206200241
mel45,C_star,0.9204527849620299,0.9186835178093186,0.0017692671527113069
mel47,L,0.9783214643703436,0.9897921302110843,-0.011470665840740635
mel47,h,0.993348959362184,0.9945349699440436,-0.0011860105818595201
mel47,Si,0.9960801360805391,0.9967984115819521,-0.0007182755014130127
mel47,Zn,0.9699257651745555,0.9740251187858022,-0.004099353611246692
mel47,Mn,0.9435441286967265,0.9443983509343504,-0.0008542222376238806
mel47,K,0.9857238349616144,0.9861500172649729,-0.00042618230335844665
mel47,Ti,0.982200965085039,0.969211326851085,0.012989638233953937
mel47,y,-0.9614942789959099,-0.9668577384459994,0.005363459450089536
mel47,C_star,0.9791044931588802,0.9716066852874431,0.007497807871437057
mel48,L,0.9251799687541595,0.9259272883473437,-0.0007473195931841925
mel48,h,1.0001790894299474,0.9942123574977804,0.005966731932167013
mel48,Si,0.9972608793466344,0.9936025904886043,0.003658288858030101
mel48,Zn,0.9809867131807295,0.9966856207010629,-0.015698907520333427
mel48,Mn,0.9929146953050574,0.9861997806062477,0.006714914698809693
mel48,K,0.9865710484800818,0.9809437829103853,0.005627265569696505
mel48,Ti,0.9997553844766132,0.9934663927598864,0.0062889917167268106
mel48,y,-0.9881518342256795,-0.9884192614224305,0.00026742719675099114
mel48,C_star,0.8522164479321718,0.8571558618729689,-0.0049394139407971105
mel49,L,0.9300872482911438,0.9292731804102432,0.0008140678809005486
mel49,h,0.9983983299492175,0.9901957775565283,0.008202552392689189
mel49,Si,0.9853980505307974,0.9917317898056555,-0.00633373927485803
mel49,Zn,0.9696620791019257,0.9870533259824025,-0.017391246880476774
mel49,Mn,0.9620922983902803,0.9609249919488727,0.0011673064414076118
mel49,K,0.9714028135228554,0.9707757943614053,0.0006270191614501375
mel49,Ti,0.9804266950277715,0.9771560783559237,0.0032706166718478036
mel49,y,-0.9817777542779672,-0.9833596055710416,0.001581851293074421
mel49,C_star,0.8772229083935742,0.8801738418782963,-0.0029509334847220847
mel50,L,0.9460570895070657,0.9419156500247077,0.004141439482358011
mel50,h,0.9998862664096548,0.9942064690092349,0.005679797400419906
mel50,Si,0.9916182674130153,0.9942084007061168,-0.0025901332931015375
mel50,Zn,0.9815517082010062,0.9912638257680167,-0.009712117567010514
mel50,Mn,0.9800353828631749,0.9780967128252707,0.0019386700379042665
mel50,K,0.9803564678888861,0.9822115650399095,-0.0018550971510233882
mel50,Ti,0.9863116969081659,0.9879884612133858,-0.0016767643052199022
mel50,y,-0.9837071242080979,-0.9829437993863673,-0.0007633248217305821
mel50,C_star,0.8825342162074131,0.8861309281998468,-0.003596711992433721
mel51,L,0.9496183917097992,0.9567434657712538,-0.007125074061454573
mel51,h,0.9999920031641913,0.9976963905790703,0.0022956125851210096
mel51,Si,0.9980605807382257,0.9973903659663104,0.0006702147719153118
mel51,Zn,0.9902579112575305,0.9910991326428593,-0.0008412213853288275
mel51,Mn,0.9731673699908694,0.9743707120940445,-0.0012033421031750757
mel51,K,0.995087401863171,0.9913642833198282,0.0037231185433428404
mel51,Ti,0.9944057354922511,0.9907358249641358,0.003669910528115272
mel51,y,-0.9777504169077919,-0.9812327797189389,0.0034823628111469995
mel51,C_star,0.9017931783909188,0.8984959162038654,0.003297262187053396
mel52,L,0.9458492114151992,0.9520476274661035,-0.006198416050904321
mel52,h,0.9986235417385769,0.9943201446120518,0.004303397126525166
mel52,Si,0.9977517364601172,0.994476895265571,0.0032748411945461298
mel52,Zn,0.9873593005275684,0.9885762274588445,-0.0012169269312761744
mel52,Mn,0.9766872502036694,0.976952497362317,-0.00026524715864761905
mel52,K,0.9861025899705118,0.9835380533041642,0.0025645366663475944
mel52,Ti,0.9875760916783864,0.9860201820906827,0.0015559095877037965
mel52,y,-0.9756991462244141,-0.9795962733634205,0.003897127139006362
mel52,C_star,0.9064435563412372,0.9039472601561991,0.002496296185038105
mel53,L,0.9458343949425915,0.9507382294569426,-0.004903834514351169
mel53,h,1.001274246769184,0.9972759896692023,0.003998257099981695
mel53,Si,1.0005129625970943,0.996572698403794,0.003940264193300291
mel53,Zn,0.9836319734498374,0.9933334310018178,-0.009701457551980375
mel53,Mn,0.9826320934594891,0.982147500180623,0.0004845932788660745
mel53,K,0.9925538063437986,0.9902664750470227,0.0022873312967759407
mel53,Ti,0.9968187241979181,0.9935133923455527,0.0033053318523653674
mel53,y,-0.9800939066266205,-0.9828946807088911,0.0028007740822705296
mel53,C_star,0.8902284333977935,0.8892886719733573,0.0009397614244361918
mel54,L,0.932851420459131,0.9385875923514118,-0.005736171892280706
mel54,h,0.999843200335895,0.9968804426590285,0.00296275767686649
mel54,Si,1.0013657836937182,0.9963878920166197,0.0049778916770985004
mel54,Zn,0.9994606765280168,0.9952426855862995,0.0042179909417173755
mel54,Mn,0.9761987046466069,0.9769427249676357,-0.0007440203210288265
mel54,K,0.9885927638980873,0.9876683378042378,0.000924426093849462
mel54,Ti,0.9944021997054033,0.9932722629355113,0.001129936769892037
mel54,y,-0.9835204989047776,-0.9866444103075969,0.0031239114028193127
mel54,C_star,0.8723185633321826,0.869093322001872,0.0032252413303106575
mel55,L,0.9298684774948537,0.9184774498420969,0.011391027652756791
mel55,h,0.9971054559021442,0.9950722542096075,0.0020332016925366236
mel55,Si,0.9994830804222787,0.9947943592578682,0.0046887211644105475
mel55,Zn,0.9971371265930724,0.9980137545861965,-0.0008766279931240462
mel55,Mn,0.9891202788733439,0.9751116210560595,0.014008657817284331
mel55,K,0.9854047772835894,0.9812662483071661,0.004138528976423306
mel55,Ti,0.9949625573678083,0.992868748688613,0.002093808679195286
mel55,y,-0.9989836672482248,-0.9917585063508452,-0.007225160897379679
mel55,C_star,0.8278620072739686,0.8403351629415448,-0.012473155667576119
mel56,L,0.9559594678446707,0.9634992699293876,-0.00753980208471694
mel56,h,0.9972330603211012,0.9948781010654775,0.0023549592556236787
mel56,Si,0.9987171836252006,0.9959644815145037,0.002752702110696892
mel56,Zn,0.9796511077424777,0.9836571723190499,-0.004006064576572266
mel56,Mn,0.9586120802606645,0.9597495525521372,-0.001137472291472763
mel56,K,0.9880961379185407,0.9849360304476386,0.003160107470902118
mel56,Ti,0.9849140025436842,0.9795007565969904,0.00541324594669379
mel56,y,-0.9724318382482833,-0.9761873121138063,0.0037554738655229958
mel56,C_star,0.9257593110113348,0.9225482268363369,0.0032110841749979357
mel57,L,0.9510208866766404,0.9562824083582124,-0.005261521681572012
mel57,h,1.0016148095153967,0.9982001960204224,0.0034146134949742946
mel57,Si,0.9988954799764395,0.9971737951421735,0.0017216848342659352
mel57,Zn,0.9911622712449447,0.9936141773482406,-0.002451906103295931
mel57,Mn,0.9853481806913964,0.9861019449496706,-0.0007537642582742254
mel57,K,0.994825580043905,0.9932003286440032,0.0016252513999017726
mel57,Ti,0.9991162936198479,0.9955372002984588,0.0035790933213890597
mel57,y,-0.9787559783593064,-0.9819019815231984,0.0031460031638920194
mel57,C_star,0.897614334520866,0.8954052340931926,0.002209100427673416
mel58,L,0.9297334126758598,0.9330262439138857,-0.0032928312380258173
mel58,h,1.0002408025654166,0.9966870797707666,0.0035537227946499383
mel58,Si,0.9986335188405359,0.9965126955947354,0.0021208232458004295
mel58,Zn,0.9783741313853375,0.9954708111391194,-0.01709667975378193
mel58,Mn,0.9722059720937324,0.9703948688417594,0.0018111032519729786
mel58,K,0.9903898510860432,0.986176839386893,0.004213011699150115
mel58,Ti,0.9936664712181157,0.9918013977168442,0.0018650735012715192
mel58,y,-0.9870759168488912,-0.9883388719310005,0.0012629550821092739
mel58,C_star,0.8589738960478007,0.8599635603532356,-0.0009896643054349008
mel59,L,0.9103092019045858,0.9028380427620742,0.007471159142511508
mel59,h,0.9971052329092153,0.9908398974130023,0.006265335496212998
mel59,Si,0.9853276848919548,0.9912470854017134,-0.005919400509758588
mel59,Zn,1.0000829177264312,0.9967813497676556,0.003301567958775564
mel59,Mn,0.9771106691268757,0.9742237779077866,0.0028868912190891383
mel59,K,0.9684798103276374,0.9700754613914648,-0.001595651063827419
mel59,Ti,0.9759702542621723,0.9873814805932392,-0.011411226331066837
mel59,y,-0.9947231041473833,-0.9930219311485884,-0.0017011729987949087
mel59,C_star,0.8253070518139974,0.8296454640992605,-0.004338412285263105
mel60,L,0.966961842348006,0.9758468754970904,-0.008885033149084398
mel60,h,0.9955824613733267,0.9939214493701984,0.0016610120031282927
mel60,Si,0.9965333683576263,0.9956547408906338,0.0008786274669925209
mel60,Zn,0.9777495404421931,0.9783289546852033,-0.0005794142430102234
mel60,Mn,0.9521436516177895,0.9536733407410063,-0.0015296891232168264
mel60,K,0.9848329963733681,0.9838224392008833,0.0010105571724847717
mel60,Ti,0.981617951057187,0.9735276663486004,0.008090284708586526
mel60,y,-0.9661380711143273,-0.9710444507576413,0.004906379643314085
mel60,C_star,0.9540117209737271,0.9488585351399854,0.005153185833741691
mel61,L,0.9575383507921652,0.9642690209895591,-0.006730670197393929
mel61,h,1.0024247729293447,0.9984028930101354,0.004021879919209326
mel61,Si,0.9996090866807873,0.9967630008048941,0.0028460858758931895
mel61,Zn,0.9884531171263191,0.9936864029964219,-0.005233285870102744
mel61,Mn,1.0033478537170506,0.9987543963898186,0.004593457327232042
mel61,K,0.9949812174675772,0.9953910580265196,-0.00040984055894244253
mel61,Ti,1.001861841374028,0.9985506482359252,0.003311193138102686
mel61,y,-0.9749555036338942,-0.9794042996296013,0.004448795995707133
mel61,C_star,0.9119290764718723,0.908777506934081,0.0031515695377912767
mel62,L,0.9210919136675102,0.9276098368576515,-0.006517923190141328
mel62,h,1.000204294630433,0.9968564491519376,0.003347845478495426
mel62,Si,0.998741886336933,0.9968520425541063,0.001889843782826639
mel62,Zn,0.9800025514854415,0.9963354012035883,-0.016332849718146858
mel62,Mn,0.9664042876117633,0.9653612831685121,0.0010430044432512275
mel62,K,0.9918846857240092,0.9856036447792075,0.006281040944801752
mel62,Ti,0.9949997528698933,0.9914767422588963,0.003523010610997024
mel62,y,-0.9876707818473293,-0.9903360106669309,0.0026652288196016283
mel62,C_star,0.8502536347750935,0.8495728185231466,0.0006808162519469363
mel63,L,0.8920267951459406,0.8896806278103858,0.0023461673355548163
mel63,h,0.9941143199054749,0.9873126044550319,0.006801715450443058
mel63,Si,0.9878318019988414,0.9874455010861241,0.0003863009127172967
mel63,Zn,0.9975211125267974,0.9982127579253893,-0.0006916453985919002
mel63,Mn,0.9976587855950081,0.9895103749797004,0.008148410615307689
mel63,K,0.967471385773249,0.9617933027466252,0.005678083026623759
mel63,Ti,0.9885027431846785,0.9879750680441651,0.0005276751405133284
mel63,y,-0.9949324032026896,-0.9941552319747088,-0.0007771712279808218
mel63,C_star,0.8144272324831872,0.8202728206882679,-0.005845588205080743
mel64,L,0.983258826357362,0.9921048169120512,-0.008845990554689265
mel64,h,0.9949175411919297,0.9943787731394493,0.0005387680524803207
mel64,Si,1.0023309674483583,0.9969567861144634,0.00537418133389489
mel64,Zn,0.9625563439443933,0.9724864982627873,-0.009930154318394058
mel64,Mn,0.9358288273793113,0.9395026055885268,-0.00367377820921555
mel64,K,0.990207275192429,0.9857440937871402,0.004463181405288785
mel64,Ti,0.9812895087222235,0.9669298062874189,0.014359702434804666
mel64,y,-0.9614240547632231,-0.9659075887046512,0.004483533941428086
mel64,C_star,0.9805436506339448,0.9764961310273097,0.004047519606635075
mel65,L,0.964831880818396,0.9720222979157056,-0.007190417097309609
mel65,h,1.0025301668831237,0.9995587058628129,0.0029714610203107616
mel65,Si,0.9999070091921101,0.9977347731284945,0.002172236063615607
mel65,Zn,0.9914628358242654,0.9932172377039721,-0.0017544018797066574
mel65,Mn,1.0051650604958486,0.99969976449591,0.005465295999938613
mel65,K,1.0020169181432115,0.9988890783509151,0.0031278397922963608
mel65,Ti,1.0028121325276196,0.999650653824432,0.0031614787031876146
mel65,y,-0.9738984901845762,-0.9778738269399433,0.003975336755367098
mel65,C_star,0.9205459451964293,0.9179651584834195,0.002580786713009764
mel66,L,0.9179274824238984,0.9238443679616601,-0.005916885537761707
mel66,h,1.0002944282064548,0.9984305638659994,0.001863864340455379
mel66,Si,1.0013785856445574,0.9982265526370835,0.003152033007473909
mel66,Zn,0.9919995854324297,0.9988280184644939,-0.006828433032064152
mel66,Mn,0.9645828752485291,0.9625497311429859,0.0020331441055432276
mel66,K,0.995024370297703,0.9884699715805716,0.006554398717131371
mel66,Ti,0.997149072110514,0.9942265038418769,0.002922568268637016
mel66,y,-0.9912606597529843,-0.9931251628607347,0.001864503107750437
mel66,C_star,0.8370297398004061,0.8363182581709803,0.0007114816294258031
mel67,L,0.8740573935605191,0.8779380404774572,-0.003880646916938013
mel67,h,0.9907235415728446,0.9855331789768789,0.005190362595965725
mel67,Si,0.985572240890163,0.9859425363316041,-0.00037029544144107085
mel67,Zn,1.0146717779035481,0.9989104521443154,0.015761325759232725
mel67,Mn,0.9987675386097536,0.9882279368913152,0.010539601718438485
mel67,K,0.9593471319011089,0.9564413948927364,0.0029057370083724887
mel67,Ti,0.9898240579070944,0.9863023354348773,0.003521722472217048
mel67,y,-0.9943620351158023,-0.9964457659932723,0.002083730877469936
mel67,C_star,0.806981575489569,0.806475090238103,0.0005064852514659046
mel68,L,0.9828746150030423,0.9900840202333885,-0.007209405230346189
mel68,h,0.9964592704890628,0.9952141755404337,0.0012450949486291218
mel68,Si,1.0019507752541248,0.9970971004892489,0.004853674764875859
mel68,Zn,0.9703294229876106,0.9755084459027823,-0.005179022915171694
mel68,Mn,0.9473642837390011,0.9491952074765778,-0.0018309237375767617
mel68,K,0.9908005138764182,0.988001372754355,0.0027991411220632534
mel68,Ti,0.9823476675269801,0.971983530596236,0.010364136930744117
mel68,y,-0.9629217310305604,-0.9674221937370217,0.004500462706461206
mel68,C_star,0.9737603701901952,0.969252953387687,0.004507416802508213
mel69,L,0.9620989330911085,0.9687325594160167,-0.0066336263249081595
mel69,h,1.002694071142084,0.9989057703517976,0.0037883007902863586
mel69,Si,1.0001046903603623,0.9978310869067444,0.002273603453617934
mel69,Zn,0.9804868853246993,0.9913774429158053,-0.01089055759110602
mel69,Mn,0.9874629448082846,0.9871482749748035,0.0003146698334810516
mel69,K,1.0009457897330918,0.9962431973275547,0.004702592405537054
mel69,Ti,0.9986329218586538,0.994976164674292,0.0036567571843618696
mel69,y,-0.974537543372993,-0.9783380477533716,0.0038005043803786
mel69,C_star,0.9163528589945289,0.9149216051398984,0.0014312538546304987
mel70,L,0.9332482341883387,0.9359153139686193,-0.002667079780280579
mel70,h,0.9999249468991798,0.9964166793222974,0.0035082675768823846
mel70,Si,0.993733452818111,0.9972754969902972,-0.003542044172186176
mel70,Zn,0.9912888787319684,0.9916573728559839,-0.00036849412401551707
mel70,Mn,0.9511976086497028,0.9523956860417757,-0.0011980773920728938
mel70,K,0.9852222152207729,0.9847185871993784,0.0005036280213944755
mel70,Ti,0.9882949082368235,0.9849942643962392,0.003300643840584372
mel70,y,-0.9851366686654658,-0.9870512092497503,0.0019145405842845298
mel70,C_star,0.8679443298839182,0.8665616896292532,0.0013826402546650574
mel71,L,0.9479824830936249,0.9496574538538358,-0.0016749707602109476
mel71,h,1.0026103152070305,0.9971416280024046,0.005468687204625899
mel71,Si,0.9946725148389307,0.9959207161444987,-0.0012482013055680197
mel71,Zn,0.9882283985343241,0.9949788333848344,-0.006750434850510301
mel71,Mn,0.9950711139391365,0.9922357203993439,0.0028353935397925634
mel71,K,0.9947646423696862,0.9905129259220725,0.004251716447613685
mel71,Ti,0.997196928992859,0.9966913502319059,0.0005055787609531404
mel71,y,-0.9815099875013522,-0.9831581449329754,0.001648157431623165
mel71,C_star,0.8860105611434772,0.8877434756522432,-0.0017329145087660036
mel72,L,0.9118933263088024,0.910004676040806,0.001888650267996339
mel72,h,0.9998018561877166,0.9947636126757247,0.005038243511991891
mel72,Si,0.9898292507649026,0.994761930277009,-0.004932679512106408
mel72,Zn,0.9931159116057142,0.9989514063312207,-0.005835494725506485
mel72,Mn,0.972085820667807,0.9691477861591883,0.0029380345086187365
mel72,K,0.9821331442408944,0.9792278155743193,0.0029053286665751132
mel72,Ti,0.9901557480360185,0.9918891378493392,-0.0017333898133207182
mel72,y,-0.9944576421119179,-0.9943361244792638,-0.0001215176326541112
mel72,C_star,0.8232391758399028,0.8264235565048146,-0.003184380664911779
mel73,L,0.8893865511402081,0.8843766262098527,0.005009924930355458
mel73,h,0.9944356499360091,0.9864930054107154,0.007942644525293696
mel73,Si,0.9845415955351928,0.9867495292298933,-0.0022079336947005146
mel73,Zn,0.9911306070916924,0.9985208412756627,-0.0073902341839702235
mel73,Mn,1.0018160486807923,0.9890130028263673,0.012803045854425044
mel73,K,0.966813239994532,0.959346270336606,0.007466969657925926
mel73,Ti,0.9906519285915469,0.9872158176121786,0.0034361109793683564
mel73,y,-0.9972298300435525,-0.9951748092459103,-0.002055020797642193
mel73,C_star,0.8045047329034406,0.8141048296042159,-0.009600096700775329
mel74,L,0.9623391156018575,0.9673126144917499,-0.004973498889892403
mel74,h,0.9964960720680297,0.9950500048254503,0.0014460672425794519
mel74,Si,0.9969870256200705,0.9968802151523323,0.00010681046773819425
mel74,Zn,0.9865998377766277,0.9807612040148515,0.005838633761776291
mel74,Mn,0.9436080531116514,0.9458241726527723,-0.0022161195411208867
mel74,K,0.9849405235658067,0.9848295243611553,0.00011099920465140745
mel74,Ti,0.9790023942988991,0.9746722855053117,0.004330108793587417
mel74,y,-0.9723559259965516,-0.9750192104412991,0.0026632844447475046
mel74,C_star,0.9324488086663172,0.9289231115529687,0.0035256971133484916
mel75,L,0.9122246462337337,0.9177450274162018,-0.005520381182468115
mel75,h,0.9988247052589527,0.9973081038499229,0.0015166014090298718
mel75,Si,0.9982832211856577,0.9972320986705034,0.001051122515154268
mel75,Zn,1.0065410657778804,0.999102173447022,0.007438892330858371
mel75,Mn,0.9616995952756522,0.962907487736841,-0.0012078924611887976
mel75,K,0.9871501379025025,0.9853195867727267,0.0018305511297758148
mel75,Ti,0.996000860402882,0.9933114548498324,0.0026894055530496397
mel75,y,-0.9916752528252393,-0.9941269627257274,0.0024517099004881526
mel75,C_star,0.8333887455266435,0.8299553305273373,0.0034334149993062724
mel76,L,0.8945081248538994,0.8969748432051499,-0.002466718351250452
mel76,h,0.9939193464536921,0.987804938891531,0.006114407562161084
mel76,Si,0.9912778881610238,0.988206465233094,0.0030714229279298344
mel76,Zn,0.9967832200318107,0.9961016264913705,0.000681593540440284
mel76,Mn,0.9848310220877252,0.9841942280244322,0.000636794063292978
mel76,K,0.963155492692816,0.9633590217808499,-0.00020352908803389358
mel76,Ti,0.9841901538220026,0.9858924147761176,-0.0017022609541149647
mel76,y,-0.9897751742278267,-0.9921289018773054,0.0023537276494787207
mel76,C_star,0.8323158926295001,0.8314698125018611,0.0008460801276389818
mel77,L,0.9763368145331661,0.9845243325294584,-0.008187517996292248
mel77,h,0.9951568992682801,0.9957252785881084,-0.0005683793198283382
mel77,Si,0.9988612999330156,0.9969527278798186,0.0019085720531970551
mel77,Zn,0.9759836216469736,0.9790086506120734,-0.0030250289650998186
mel77,Mn,0.9598426763064128,0.9585530748128516,0.0012896014935612765
mel77,K,0.990861869715585,0.9891177252479266,0.0017441444676583595
mel77,Ti,0.9807462056167355,0.9769506891423734,0.0037955164743621594
mel77,y,-0.9663691318904369,-0.9698308615008352,0.0034617296103982564
mel77,C_star,0.9617709842573381,0.9569744625787975,0.004796521678540611
mel78,L,0.9518325325814787,0.9556428698511977,-0.003810337269719022
mel78,h,1.0010464285767229,0.9969727156039916,0.0040737129727312915
mel78,Si,0.9959091757329156,0.9956629514079427,0.00024622432497289903
mel78,Zn,0.9963361131075137,0.9937510743784131,0.0025850387291005417
mel78,Mn,0.9951176407913677,0.9958511598359076,-0.0007335190445398876
mel78,K,0.9917763972038689,0.9910581042408616,0.0007182929630072943
mel78,Ti,0.9975335969305172,0.9964596498589938,0.0010739470715234178
mel78,y,-0.9780154965163705,-0.9809640810589253,0.002948584542554755
mel78,C_star,0.9011707535375981,0.89917966405215,0.0019910894854481276
mel79,L,0.8987389633399363,0.8950165586577552,0.003722404682181102
mel79,h,0.9945618175550291,0.985530602319437,0.009031215235592138
mel79,Si,0.9754184166552837,0.9870323091407569,-0.011613892485473176
mel79,Zn,0.9804034614872308,0.9918594102290821,-0.011455948741851296
mel79,Mn,0.97822601776094,0.9712220483566321,0.007003969404307919
mel79,K,0.953642973066798,0.9572523810631646,-0.0036094079963665537
mel79,Ti,0.9710576253898511,0.9777774091720781,-0.00671978378222704
mel79,y,-0.9896071829621376,-0.9905805773927105,0.0009733944305729825
mel79,C_star,0.8351980798965807,0.8375361766655414,-0.0023380967689606846
mel80,L,0.9919409133774715,0.9947455343078673,-0.002804620930395796
mel80,h,0.9918458300334041,0.9938062238182882,-0.001960393784884107
mel80,Si,0.9946885316506842,0.9968143226884593,-0.0021257910377751044
mel80,Zn,0.9666852713450054,0.9702611120304865,-0.003575840685481113
mel80,Mn,0.940677774431318,0.9340133809834505,0.0066643934478674005
mel80,K,0.9850935165299441,0.9844158630425475,0.0006776534873966789
mel80,Ti,0.9787557305353516,0.9636114626020233,0.015144267933328237
mel80,y,-0.9595027726428377,-0.9644442137065663,0.004941441063728624
mel80,C_star,0.9980026076862122,0.983707177166416,0.014295430519796204
mel81,L,0.9758650513414187,0.9772253123235027,-0.0013602609820840827
mel81,h,1.00199894678975,0.9990979866063294,0.0029009601834206755
mel81,Si,0.9979076367971607,0.9978771382807599,3.0498516400800924e-05
mel81,Zn,0.965987969647624,0.9899831278390475,-0.023995158191423505
mel81,Mn,1.0078388730288086,0.9910740196596173,0.016764853369191313
mel81,K,1.0015116669664885,0.997891940787735,0.0036197261787535018
mel81,Ti,0.9999653976801887,0.9950777388769053,0.004887658803283346
mel81,y,-0.9696742574014651,-0.975636901396653,0.005962643995187977
mel81,C_star,0.9415012516217801,0.9293812210137834,0.012120030607996712
mel82,L,0.9853780998995318,0.9920440388509507,-0.0066659389514188705
mel82,h,0.9942266330143559,0.9930522828716986,0.001174350142657321
mel82,Si,0.9946538449632423,0.996467038242342,-0.0018131932790996785
mel82,Zn,0.9648925160955317,0.9692039037023847,-0.004311387606853012
mel82,Mn,0.9253584733313577,0.9284680325371706,-0.0031095592058129062
mel82,K,0.9829272443356952,0.9820761940358784,0.0008510502998168024
mel82,Ti,0.9723266153063447,0.9608895107886105,0.011437104517734165
mel82,y,-0.9606508536672967,-0.9646276092726016,0.00397675560530486
mel82,C_star,0.9854498542503829,0.9820363568034784,0.0034134974469044455
mel83,L,0.9244272962399083,0.928928771590302,-0.004501475350393691
mel83,h,1.0003930908268421,0.9999219219852662,0.00047116884157594185
mel83,Si,0.9999663104355009,0.9997065246596869,0.000259785775813981
mel83,Zn,0.995996273656496,0.9986985307044605,-0.0027022570479644514
mel83,Mn,0.9575972700727793,0.958400774676209,-0.0008035046034297055
mel83,K,0.9947227805254802,0.9920701855989822,0.002652594926498053
mel83,Ti,0.9981835154078385,0.9948042222648639,0.003379293142974582
mel83,y,-0.9915254150575544,-0.9928146894578944,0.0012892744003399903
mel83,C_star,0.8414105058809837,0.8393832121144917,0.002027293766491911
mel84,L,0.9804680286680864,0.9931913042577089,-0.012723275589622496
mel84,h,0.993239342447675,0.9942756594653266,-0.0010363170176516112
mel84,Si,0.9975894026562797,0.9969086057365169,0.0006807969197628605
mel84,Zn,0.9571111972774359,0.9720106646130235,-0.014899467335587668
mel84,Mn,0.9442025778169234,0.9390752665800418,0.005127311236881593
mel84,K,0.9862716654291493,0.9856113344816957,0.0006603309474536578
mel84,Ti,0.9756816220515128,0.9664028560099756,0.009278766041537212
mel84,y,-0.9590919160290613,-0.965437124159727,0.006345208130665747
mel84,C_star,0.9871108506139316,0.978887886998097,0.008222963615834522
mel85,L,0.8756201101550384,0.8812066068915814,-0.00558649673654299
mel85,h,0.9905720812646569,0.9860204376040711,0.004551643660585802
mel85,Si,0.9849633722862978,0.9863522085784941,-0.001388836292196327
mel85,Zn,0.9977664847493369,0.9987126650754179,-0.0009461803260809587
mel85,Mn,1.0071284623190002,0.9886264778527679,0.018501984466232302
mel85,K,0.9543253429789276,0.9579160631984287,-0.003590720219501131
mel85,Ti,0.9874304067369111,0.9867660672680352,0.0006643394688758963
mel85,y,-0.9927066467681409,-0.9958005611748709,0.003093914406730014
mel85,C_star,0.8134570991396085,0.8103483491923361,0.0031087499472723934
mel86,L,0.9680292845872103,0.9722129054646521,-0.00418362087744184
mel86,h,1.0035801677508367,0.9995871205134166,0.003993047237420111
mel86,Si,0.9980522912409291,0.9977586633032554,0.00029362793767373496
mel86,Zn,0.9706272662335139,0.9932057036845766,-0.022578437451062694
mel86,Mn,1.0056807757003559,0.9997230055460197,0.005957770154336184
mel86,K,1.0008595300534768,0.9989750741287713,0.0018844559247055415
mel86,Ti,1.0005852908968045,0.9996776965021346,0.0009075943946699194
mel86,y,-0.9751709334497694,-0.9778362016041163,0.002665268154346978
mel86,C_star,0.9181520459141763,0.9181910288810691,-3.898296689275327e-05
mel87,L,0.9199490605836035,0.9243367915004154,-0.004387730916811883
mel87,h,1.000995005154735,0.998320727511859,0.0026742776428759774
mel87,Si,0.9997320638381209,0.9980906101760283,0.0016414536620925624
mel87,Zn,1.0011409138361294,0.9987166338247324,0.00242428001139694
mel87,Mn,0.9665292034090583,0.9635564408473462,0.0029727625617121944
mel87,K,0.9935719958982905,0.9883495823934523,0.005222413504838208
mel87,Ti,1.0007304215448152,0.9942536535004862,0.006476768044328951
mel87,y,-0.9912500856522987,-0.992854183346662,0.0016040976943633156
mel87,C_star,0.8376247949076914,0.8376450537748581,-2.025886716672254e-05
mel88,L,0.9622687987100604,0.9661179533902353,-0.003849154680174882
mel88,h,1.0027715148257426,0.9979331542885617,0.004838360537180897
mel88,Si,0.9958030425285698,0.9966874159562173,-0.0008843734276475779
mel88,Zn,0.994817907582539,0.9918145688840441,0.003003338698494895
mel88,Mn,0.993173397394741,0.993397124741811,-0.00022372734706999076
mel88,K,0.9944347304887692,0.9942088811541842,0.00022584933458502654
mel88,Ti,0.996132091088942,0.9956110400353033,0.0005210510536386437
mel88,y,-0.9745719385028339,-0.9783099279757042,0.0037379894728702956
mel88,C_star,0.9162714756727094,0.9141338771784558,0.0021375984942535453
mel89,L,0.87292116439873,0.8763067892197517,-0.003385624821021671
mel89,h,0.9909117120292188,0.9852900016484327,0.005621710380786071
mel89,Si,0.9813516909691086,0.9857380802235381,-0.004386389254429579
mel89,Zn,0.9924562878967503,0.9990091622098359,-0.006552874313085599
mel89,Mn,1.0045919040614453,0.9880290361004951,0.01656286796095019
mel89,K,0.955384815165854,0.9557054286544602,-0.00032061348860612515
mel89,Ti,0.9858134141005723,0.9860708996797987,-0.0002574855792263353
mel89,y,-0.9946214532425265,-0.9967677699051237,0.0021463166625972363
mel89,C_star,0.8049123768161807,0.8045420536281662,0.0003703231880144431
mel90,L,0.9119084806368682,0.9138724238702939,-0.0019639432334256357
mel90,h,0.9995769848318432,0.997615872195204,0.0019611126366392284
mel90,Si,0.9986177930016112,0.9977014278692903,0.0009163651323209621
mel90,Zn,0.9947401443418159,0.999730580177128,-0.0049904358353121125
mel90,Mn,0.9605090109855903,0.957862864519728,0.0026461464658622535
mel90,K,0.9899260220504082,0.985226943528683,0.004699078521725242
mel90,Ti,0.9932173065303695,0.9929683320202365,0.0002489745101330598
mel90,y,-0.995412367792874,-0.9957307484883119,0.00031838069543788095
mel90,C_star,0.8206909532731975,0.8217762596039241,-0.0010853063307265653
mel91,L,0.8658438916582111,0.8710294290029866,-0.005185537344775559
mel91,h,0.9894853947801866,0.9842354934817572,0.005249901298429394
mel91,Si,0.9725258804892499,0.984966218335096,-0.012440337845846083
mel91,Zn,0.9990346379906974,0.9986962013617274,0.0003384366289699292
mel91,Mn,0.9952539272679101,0.9853798393851296,0.009874087882780436
mel91,K,0.9474227875574825,0.952600037348759,-0.005177249791276428
mel91,Ti,0.9770492925701,0.9841718004340505,-0.007122507863950522
mel91,y,-0.9932870698837288,-0.9975474510242257,0.004260381140496872
mel91,C_star,0.805572460123985,0.7994256063220841,0.006146853801900831
mel92,L,0.9853575683555369,0.9870191369008368,-0.001661568545299863
mel92,h,0.9969442714600252,0.996139885019649,0.0008043864403761702
mel92,Si,0.9958666506708352,0.9972830231218117,-0.0014163724509764775
mel92,Zn,0.9759665672384933,0.9789584979392189,-0.0029919307007255647
mel92,Mn,0.968224477765766,0.9591770559131675,0.009047421852598547
mel92,K,0.9930086029444543,0.9903587975693061,0.00264980537514814
mel92,Ti,0.9863657900011198,0.9774880536427142,0.008877736358405608
mel92,y,-0.9635675211207309,-0.9693801758892122,0.005812654768481362
mel92,C_star,0.9733545043738058,0.9597494940316511,0.013605010342154666
mel93,L,0.9483359179565641,0.9560521593111769,-0.007716241354612796
mel93,h,0.998358882538064,0.9966885579858852,0.001670324552178859
mel93,Si,0.998768674691587,0.9979830058026082,0.0007856688889787966
mel93,Zn,0.9967678188535225,0.9859789084775404,0.010788910375982064
mel93,Mn,0.9438247312407128,0.9475230594447662,-0.0036983282040534693
mel93,K,0.9869151201865989,0.9872848995286596,-0.0003697793420607276
mel93,Ti,0.9872746137188999,0.9803351663745278,0.006939447344372129
mel93,y,-0.9762119108587444,-0.980436090657385,0.004224179798640648
mel93,C_star,0.9075761486676861,0.9018199942817167,0.005756154385969436
mel94,L,0.939362728715837,0.9356946066940501,0.0036681220217869015
mel94,h,0.99769155398594,0.9921214606091056,0.005570093376834451
mel94,Si,0.9939151229821636,0.9928974515959921,0.0010176713861714815
mel94,Zn,0.9710120660348462,0.9890619749279932,-0.01804990889314695
mel94,Mn,0.9721890817713162,0.9696919411963594,0.0024971405749568687
mel94,K,0.9741593163463714,0.9763409191868635,-0.0021816028404920695
mel94,Ti,0.9836053063942598,0.9824617633197672,0.0011435430744926034
mel94,y,-0.9840659749739232,-0.9830414495597393,-0.0010245254141839633
mel94,C_star,0.87944155177913,0.8836596378819809,-0.004218086102850904
mel95,L,0.9424191107476922,0.9461715452195563,-0.003752434471864019
mel95,h,1.0030944570790676,0.9989520451175259,0.004142411961541748
mel95,Si,1.0027549177938524,0.997997205931808,0.004757711862044434
mel95,Zn,0.9993086220286405,0.9962272105232166,0.003081411505423848
mel95,Mn,0.9851508112988315,0.9797731312951994,0.005377680003632146
mel95,K,0.9994698366361568,0.9932960188822645,0.006173817753892363
mel95,Ti,1.0017465773634817,0.996739915294433,0.005006662069048762
mel95,y,-0.9843815456393692,-0.9860559447376401,0.00167439909827094
mel95,C_star,0.8726790343410785,0.8741614322006812,-0.001482397859602691
mel96,L,0.9094150544392074,0.9100439518380019,-0.000628897398794459
mel96,h,0.9984916076410769,0.9903193391193479,0.008172268521729031
mel96,Si,0.9912750410820779,0.9899665943371849,0.0013084467448929438
mel96,Zn,0.9963206781355457,0.9969676633807625,-0.0006469852452167801
mel96,Mn,1.0088805341355869,0.9921426564229894,0.016737877712597493
mel96,K,0.9834927306143708,0.9709265128038091,0.012566217810561664
mel96,Ti,0.994233368621446,0.9908574006359674,0.0033759679854785674
mel96,y,-0.9899015077144945,-0.9901081592004357,0.00020665148594123384
mel96,C_star,0.8369066977919577,0.8445206713600522,-0.0076139735680944565
mel97,L,0.8912947939700535,0.8942658073459782,-0.002971013375924647
mel97,h,0.9956777712361181,0.9915526751629941,0.004125096073124057
mel97,Si,0.9943669820775628,0.9918565564834487,0.002510425594114074
mel97,Zn,1.003106254737581,0.999518806479008,0.003587448258573045
mel97,Mn,0.9787311710000942,0.9716957980377287,0.00703537296236556
mel97,K,0.9784778076226271,0.9705105392683552,0.007967268354271972
mel97,Ti,0.9973997346626133,0.9894546128909705,0.00794512177164286
mel97,y,-0.9958957483597116,-0.9966229221408133,0.0007271737811016532
mel97,C_star,0.8083565379505069,0.8112802659953071,-0.0029237280448002334
