cluster,segment,customers,total_profit,avg_profit,median_profit,total_revenue,customer_share
0,Active Minimal Buyers,1767,2510038.8348,1420.5087,1406.9758,6261631.77,0.2847
6,Declining Frequent Buyers,1395,1061136.6795,760.6715,797.1169,3059576.2438,0.2248
4,Frequent Low-Spend Customers,928,696458.9544,750.4946,797.1169,2045040.7871,0.1495
1,High Value but Cooling,454,571583.361,1258.9942,1272.0149,2218323.2856,0.0732
2,Inactive Minimal Buyers,686,177872.1649,259.2889,287.3577,545405.227,0.1105
8,Recent Low-Value Customers,609,171443.0208,281.5156,296.2834,520047.2512,0.0981
5,Champions,41,975.6634,23.7967,21.8411,2071.2928,0.0066
7,Lost Customers,53,-493281.4253,-9307.1967,-6802.9009,2309352.9986,0.0085
3,Inactive Low-Value Customers,273,-1559703.9968,-5713.2015,-1723.334,47880347.0614,0.044
